asset,source_path
baseline_results,/Users/sefayet/Desktop/Github/BanglaCyberBench/outputs/baselines/baseline_results.csv
component_ablation,/Users/sefayet/Desktop/Github/BanglaCyberBench/outputs/ablation/component_ablation.csv
taxonomy_ablation,/Users/sefayet/Desktop/Github/BanglaCyberBench/outputs/ablation/taxonomy_ablation.csv
robustness_summary,/Users/sefayet/Desktop/Github/BanglaCyberBench/outputs/robustness/robustness_summary.csv
per_run_summary,/Users/sefayet/Desktop/Github/BanglaCyberBench/outputs/models_main/per_run_summary.csv
ensemble_test_metrics,/Users/sefayet/Desktop/Github/BanglaCyberBench/outputs/ensemble/ensemble_test_metrics.json
basepaper_comparison,/Users/sefayet/Desktop/Github/BanglaCyberBench/outputs/basepaper/comparison.json
label_encoder,/Users/sefayet/Desktop/Github/BanglaCyberBench/outputs/models_main/label_encoder.json
ensemble_test_pred,/Users/sefayet/Desktop/Github/BanglaCyberBench/outputs/ensemble/test_pred.npy
ensemble_test_true,embedded_authoritative_constant
ensemble_test_proba,/Users/sefayet/Desktop/Github/BanglaCyberBench/outputs/ensemble/test_proba.npy
baseline_test_pred_best,embedded_authoritative_constant
test_split_csv,embedded_authoritative_constant
