System,Type,Macro-F1,Weighted-F1,Accuracy,MCC,AUROC
TFIDF(word)+LogReg,baseline,0.5025,0.6142,0.6025,0.4273,0.846
TFIDF(word+char)+LinearSVM,baseline,0.7674,0.7889,0.7933,0.6788,0.9418
BiLSTM,baseline,0.685,0.7106,0.7065,0.5663,0.9052
banglabert,transformer (meanôÝstd),0.8136ôÝ0.0027,0.8198ôÝ0.0018,0.8204,0.7583,0.9605
banglishbert,transformer (meanôÝstd),0.8049ôÝ0.0047,0.8175ôÝ0.0044,0.8193,0.7221,0.9561
muril,transformer (meanôÝstd),0.8068ôÝ0.0015,0.8197ôÝ0.0020,0.8206,0.7258,0.9515
xlmr,transformer (meanôÝstd),0.8034ôÝ0.0018,0.8159ôÝ0.0015,0.8162,0.7193,0.9514
Ensemble (weighted+LA),ours,0.8225,0.8332,0.8339,0.7452,0.9626
"BanglishBERT full-stack (alt, seed-ens)",ours-alt,0.8135,0.8224,0.8222,0.7291,0.9534
